run_id,coating_gap,position,frame_number,rule,value
R1,600,top-to-bottom-center,0,rule1_upper,0.3
R1,600,top-to-bottom-center,356,rule1_upper,0.2429
R1,600,top-to-bottom-center,356,rule1_upper,0.6286
R1,600,top-to-bottom-center,356,rule1_upper,0.7857
R1,600,top-to-bottom-center,356,rule1_upper,0.4429
R1,600,top-to-bottom-center,356,rule1_upper,0.8429
R1,600,top-to-bottom-center,356,rule1_upper,0.5143
R1,600,top-to-bottom-center,372,rule1_upper,0.6429
R1,600,top-to-bottom-center,372,rule1_upper,0.6286
R1,600,top-to-bottom-center,372,rule1_upper,0.3
R1,600,top-to-bottom-center,372,rule1_upper,0.3
R1,600,top-to-bottom-center,372,rule1_upper,0.5714
R1,600,top-to-bottom-center,372,rule1_upper,0.6286
R1,600,top-to-bottom-center,372,rule1_upper,0.6143
R1,600,top-to-bottom-center,372,rule1_upper,0.5857
R1,600,top-to-bottom-center,372,rule1_upper,0.7714
R1,600,top-to-bottom-center,376,rule1_upper,0.5286
R1,600,top-to-bottom-center,376,rule1_upper,0.6571
R1,600,top-to-bottom-center,376,rule1_upper,0.7286
R1,600,top-to-bottom-center,376,rule1_upper,0.8429
R1,600,top-to-bottom-center,376,rule1_upper,0.5571
R1,600,top-to-bottom-center,376,rule1_upper,0.3714
R1,600,top-to-bottom-center,376,rule1_upper,0.7143
R1,600,top-to-bottom-center,376,rule1_upper,0.7571
R1,600,top-to-bottom-center,376,rule1_upper,0.4571
R1,600,top-to-bottom-center,387,rule1_upper,0.7571
R1,600,top-to-bottom-center,387,rule1_upper,0.4857
R1,600,top-to-bottom-center,387,rule1_upper,0.3429
R1,600,top-to-bottom-center,387,rule1_upper,0.2714
R1,600,top-to-bottom-center,387,rule1_upper,0.5714
R1,600,top-to-bottom-center,387,rule1_upper,0.3857
R1,600,top-to-bottom-center,387,rule1_upper,0.2286
R1,600,top-to-bottom-center,394,rule1_upper,0.2286
R1,600,top-to-bottom-center,394,rule1_upper,0.2
R1,600,top-to-bottom-center,394,rule1_upper,0.4429
R1,600,top-to-bottom-center,394,rule1_upper,0.4429
R1,600,top-to-bottom-center,394,rule1_upper,0.2714
R1,600,top-to-bottom-center,394,rule1_upper,0.2143
R1,600,top-to-bottom-center,408,rule1_upper,0.2
R1,600,top-to-bottom-center,408,rule1_upper,0.2857
R1,600,top-to-bottom-center,408,rule1_upper,0.2286
R1,600,top-to-bottom-center,412,rule1_upper,0.3571
R1,600,top-to-bottom-center,412,rule1_upper,0.2286
R1,600,top-to-bottom-center,412,rule1_upper,0.3
R1,600,top-to-bottom-center,412,rule1_upper,0.2
R1,600,top-to-bottom-center,412,rule1_upper,0.2714
R1,600,top-to-bottom-center,412,rule1_upper,0.3143
R1,600,top-to-bottom-center,432,rule1_upper,0.2
R1,600,top-to-bottom-center,511,rule1_upper,0.2143
R1,600,top-to-bottom-center,569,rule1_upper,0.2143
R1,600,top-to-bottom-center,569,rule1_upper,0.1857
R1,600,top-to-bottom-center,569,rule1_upper,0.4
R1,600,top-to-bottom-center,569,rule1_upper,0.2429
R1,600,top-to-bottom-center,569,rule1_upper,0.2
R1,600,top-to-bottom-center,569,rule1_upper,0.2143
R1,600,top-to-bottom-center,586,rule1_upper,0.3143
R1,600,top-to-bottom-center,586,rule1_upper,0.2
R1,600,top-to-bottom-center,586,rule1_upper,0.2
R1,600,top-to-bottom-center,586,rule1_upper,0.1857
R1,600,top-to-bottom-center,586,rule1_upper,0.1857
R1,600,top-to-bottom-center,591,rule1_upper,0.2286
R1,600,top-to-bottom-center,594,rule1_upper,0.3
R1,600,top-to-bottom-center,594,rule1_upper,0.2714
R1,600,top-to-bottom-center,594,rule1_upper,0.2143
R1,600,top-to-bottom-center,594,rule1_upper,0.1857
R1,600,top-to-bottom-center,594,rule1_upper,0.3857
R1,600,top-to-bottom-center,594,rule1_upper,0.2
R1,600,top-to-bottom-center,594,rule1_upper,0.2286
R1,600,top-to-bottom-center,596,rule1_upper,0.2857
R1,600,top-to-bottom-center,596,rule1_upper,0.2714
R1,600,top-to-bottom-center,596,rule1_upper,0.3
R1,600,top-to-bottom-center,596,rule1_upper,0.2571
R1,600,top-to-bottom-center,596,rule1_upper,0.2857
R1,600,top-to-bottom-center,596,rule1_upper,0.5286
R1,600,top-to-bottom-center,596,rule1_upper,0.5
R1,600,top-to-bottom-center,603,rule1_upper,0.2143
R1,600,top-to-bottom-center,603,rule1_upper,0.4286
R1,600,top-to-bottom-center,603,rule1_upper,0.6286
R1,600,top-to-bottom-center,603,rule1_upper,0.3857
R1,600,top-to-bottom-center,611,rule1_upper,0.8286
R1,600,top-to-bottom-center,611,rule1_upper,0.2714
R1,600,top-to-bottom-center,611,rule1_upper,0.9
R1,600,top-to-bottom-center,611,rule1_upper,0.3429
R1,600,top-to-bottom-center,611,rule1_upper,0.9286
R1,600,top-to-bottom-center,611,rule1_upper,0.3857
R1,600,top-to-bottom-center,622,rule1_upper,0.2571
R1,600,top-to-bottom-center,622,rule1_upper,0.8714
R1,600,top-to-bottom-center,622,rule1_upper,0.3429
R1,600,top-to-bottom-center,622,rule1_upper,0.9429
R1,600,top-to-bottom-center,622,rule1_upper,0.3286
R1,600,top-to-bottom-center,622,rule1_upper,0.8143
R1,600,top-to-bottom-center,622,rule1_upper,0.8857
R1,600,top-to-bottom-center,622,rule1_upper,0.7
R1,600,top-to-bottom-center,622,rule1_upper,0.9429
R1,600,top-to-bottom-center,631,rule1_upper,0.9571
R1,600,top-to-bottom-center,631,rule1_upper,0.9286
R1,600,top-to-bottom-center,631,rule1_upper,0.6
R1,600,top-to-bottom-center,631,rule1_upper,0.7571
R1,600,top-to-bottom-center,631,rule1_upper,0.2714
R1,600,top-to-bottom-center,631,rule1_upper,0.4286
R1,600,top-to-bottom-center,631,rule1_upper,0.3429
R1,600,top-to-bottom-center,631,rule1_upper,0.6429
R1,600,top-to-bottom-center,631,rule1_upper,0.9143
R1,600,top-to-bottom-center,659,rule1_upper,0.9714
R1,600,top-to-bottom-center,659,rule1_upper,0.5286
R1,600,top-to-bottom-center,659,rule1_upper,0.9714
R1,600,top-to-bottom-center,659,rule1_upper,0.6571
R1,600,top-to-bottom-center,659,rule1_upper,0.4571
R1,600,top-to-bottom-center,659,rule1_upper,0.9143
R1,600,top-to-bottom-center,36,rule2_run9,0.0571
R1,600,top-to-bottom-center,203,rule2_run9,0.0143
R1,600,top-to-bottom-center,372,rule2_run9,0.7714
R1,600,top-to-bottom-center,376,rule2_run9,0.4571
R1,600,top-to-bottom-center,387,rule2_run9,0.2286
R1,600,top-to-bottom-center,412,rule2_run9,0.3143
R1,600,top-to-bottom-center,459,rule2_run9,0.0571
R1,600,top-to-bottom-center,526,rule2_run9,0.1
R1,600,top-to-bottom-center,569,rule2_run9,0.1286
R1,600,top-to-bottom-center,586,rule2_run9,0.1857
R1,600,top-to-bottom-center,594,rule2_run9,0.2
R1,600,top-to-bottom-center,596,rule2_run9,0.2857
R1,600,top-to-bottom-center,611,rule2_run9,0.8286
R1,600,top-to-bottom-center,622,rule2_run9,0.8714
R1,600,top-to-bottom-center,631,rule2_run9,0.9286
R1,600,top-to-bottom-center,659,rule2_run9,0.5286
R1,600,top-to-bottom-center,356,rule3_trend_up,0.2457
R1,600,top-to-bottom-center,372,rule3_trend_up,0.4019
R1,600,top-to-bottom-center,387,rule3_trend_up,0.6362
R1,600,top-to-bottom-center,394,rule3_trend_down,0.36
R1,600,top-to-bottom-center,403,rule3_trend_down,0.2352
R1,600,top-to-bottom-center,457,rule3_trend_down,0.1114
R1,600,top-to-bottom-center,569,rule3_trend_up,0.1295
R1,600,top-to-bottom-center,586,rule3_trend_up,0.1724
R1,600,top-to-bottom-center,0,ewma_upper,0.1024
R1,600,top-to-bottom-center,0,ewma_upper,0.0934
R1,600,top-to-bottom-center,36,ewma_upper,0.089
R1,600,top-to-bottom-center,36,ewma_upper,0.0952
R1,600,top-to-bottom-center,36,ewma_upper,0.0876
R1,600,top-to-bottom-center,356,ewma_upper,0.1839
R1,600,top-to-bottom-center,356,ewma_upper,0.3043
R1,600,top-to-bottom-center,356,ewma_upper,0.332
R1,600,top-to-bottom-center,356,ewma_upper,0.4342
R1,600,top-to-bottom-center,356,ewma_upper,0.4502
R1,600,top-to-bottom-center,356,ewma_upper,0.363
R1,600,top-to-bottom-center,372,ewma_upper,0.419
R1,600,top-to-bottom-center,372,ewma_upper,0.4609
R1,600,top-to-bottom-center,372,ewma_upper,0.4287
R1,600,top-to-bottom-center,372,ewma_upper,0.403
R1,600,top-to-bottom-center,372,ewma_upper,0.4367
R1,600,top-to-bottom-center,372,ewma_upper,0.475
R1,600,top-to-bottom-center,372,ewma_upper,0.5029
R1,600,top-to-bottom-center,372,ewma_upper,0.5195
R1,600,top-to-bottom-center,372,ewma_upper,0.5699
R1,600,top-to-bottom-center,376,ewma_upper,0.5616
R1,600,top-to-bottom-center,376,ewma_upper,0.5807
R1,600,top-to-bottom-center,376,ewma_upper,0.6103
R1,600,top-to-bottom-center,376,ewma_upper,0.6568
R1,600,top-to-bottom-center,376,ewma_upper,0.6369
R1,600,top-to-bottom-center,376,ewma_upper,0.5838
R1,600,top-to-bottom-center,376,ewma_upper,0.6099
R1,600,top-to-bottom-center,376,ewma_upper,0.6393
R1,600,top-to-bottom-center,376,ewma_upper,0.6029
R1,600,top-to-bottom-center,387,ewma_upper,0.6337
R1,600,top-to-bottom-center,387,ewma_upper,0.527
R1,600,top-to-bottom-center,387,ewma_upper,0.5187
R1,600,top-to-bottom-center,387,ewma_upper,0.4836
R1,600,top-to-bottom-center,387,ewma_upper,0.4011
R1,600,top-to-bottom-center,387,ewma_upper,0.3752
R1,600,top-to-bottom-center,387,ewma_upper,0.4144
R1,600,top-to-bottom-center,387,ewma_upper,0.4087
R1,600,top-to-bottom-center,387,ewma_upper,0.3727
R1,600,top-to-bottom-center,394,ewma_upper,0.3439
R1,600,top-to-bottom-center,394,ewma_upper,0.2951
R1,600,top-to-bottom-center,394,ewma_upper,0.2761
R1,600,top-to-bottom-center,394,ewma_upper,0.3094
R1,600,top-to-bottom-center,394,ewma_upper,0.3361
R1,600,top-to-bottom-center,394,ewma_upper,0.3232
R1,600,top-to-bottom-center,394,ewma_upper,0.3014
R1,600,top-to-bottom-center,394,ewma_upper,0.2525
R1,600,top-to-bottom-center,403,ewma_upper,0.202
R1,600,top-to-bottom-center,403,ewma_upper,0.1702
R1,600,top-to-bottom-center,403,ewma_upper,0.1647
R1,600,top-to-bottom-center,407,ewma_upper,0.1661
R1,600,top-to-bottom-center,407,ewma_upper,0.1443
R1,600,top-to-bottom-center,408,ewma_upper,0.1554
R1,600,top-to-bottom-center,408,ewma_upper,0.1501
R1,600,top-to-bottom-center,408,ewma_upper,0.1772
R1,600,top-to-bottom-center,408,ewma_upper,0.1475
R1,600,top-to-bottom-center,408,ewma_upper,0.1637
R1,600,top-to-bottom-center,408,ewma_upper,0.1424
R1,600,top-to-bottom-center,408,ewma_upper,0.1168
R1,600,top-to-bottom-center,408,ewma_upper,0.1277
R1,600,top-to-bottom-center,412,ewma_upper,0.1736
R1,600,top-to-bottom-center,412,ewma_upper,0.1846
R1,600,top-to-bottom-center,412,ewma_upper,0.2077
R1,600,top-to-bottom-center,412,ewma_upper,0.2061
R1,600,top-to-bottom-center,412,ewma_upper,0.1849
R1,600,top-to-bottom-center,412,ewma_upper,0.1679
R1,600,top-to-bottom-center,412,ewma_upper,0.1886
R1,600,top-to-bottom-center,412,ewma_upper,0.2138
R1,600,top-to-bottom-center,412,ewma_upper,0.191
R1,600,top-to-bottom-center,418,ewma_upper,0.1785
R1,600,top-to-bottom-center,418,ewma_upper,0.1542
R1,600,top-to-bottom-center,418,ewma_upper,0.152
R1,600,top-to-bottom-center,418,ewma_upper,0.1273
R1,600,top-to-bottom-center,418,ewma_upper,0.119
R1,600,top-to-bottom-center,432,ewma_upper,0.1066
R1,600,top-to-bottom-center,432,ewma_upper,0.0967
R1,600,top-to-bottom-center,432,ewma_upper,0.1042
R1,600,top-to-bottom-center,457,ewma_upper,0.0919
R1,600,top-to-bottom-center,457,ewma_upper,0.0878
R1,600,top-to-bottom-center,511,ewma_upper,0.094
R1,600,top-to-bottom-center,511,ewma_upper,0.1066
R1,600,top-to-bottom-center,511,ewma_upper,0.0939
R1,600,top-to-bottom-center,526,ewma_upper,0.0942
R1,600,top-to-bottom-center,526,ewma_upper,0.0885
R1,600,top-to-bottom-center,553,ewma_upper,0.088
R1,600,top-to-bottom-center,555,ewma_upper,0.0889
R1,600,top-to-bottom-center,567,ewma_upper,0.0952
R1,600,top-to-bottom-center,569,ewma_upper,0.1117
R1,600,top-to-bottom-center,569,ewma_upper,0.1265
R1,600,top-to-bottom-center,569,ewma_upper,0.1269
R1,600,top-to-bottom-center,569,ewma_upper,0.1815
R1,600,top-to-bottom-center,569,ewma_upper,0.1681
R1,600,top-to-bottom-center,569,ewma_upper,0.183
R1,600,top-to-bottom-center,569,ewma_upper,0.1864
R1,600,top-to-bottom-center,569,ewma_upper,0.1749
R1,600,top-to-bottom-center,569,ewma_upper,0.1827
R1,600,top-to-bottom-center,586,ewma_upper,0.1691
R1,600,top-to-bottom-center,586,ewma_upper,0.1981
R1,600,top-to-bottom-center,586,ewma_upper,0.1985
R1,600,top-to-bottom-center,586,ewma_upper,0.1845
R1,600,top-to-bottom-center,586,ewma_upper,0.1876
R1,600,top-to-bottom-center,586,ewma_upper,0.1844
R1,600,top-to-bottom-center,586,ewma_upper,0.1818
R1,600,top-to-bottom-center,586,ewma_upper,0.1826
R1,600,top-to-bottom-center,586,ewma_upper,0.1832
R1,600,top-to-bottom-center,591,ewma_upper,0.1923
R1,600,top-to-bottom-center,594,ewma_upper,0.2138
R1,600,top-to-bottom-center,594,ewma_upper,0.2253
R1,600,top-to-bottom-center,594,ewma_upper,0.2231
R1,600,top-to-bottom-center,594,ewma_upper,0.1928
R1,600,top-to-bottom-center,594,ewma_upper,0.1914
R1,600,top-to-bottom-center,594,ewma_upper,0.2302
R1,600,top-to-bottom-center,594,ewma_upper,0.2242
R1,600,top-to-bottom-center,594,ewma_upper,0.2251
R1,600,top-to-bottom-center,594,ewma_upper,0.2001
R1,600,top-to-bottom-center,596,ewma_upper,0.2172
R1,600,top-to-bottom-center,596,ewma_upper,0.228
R1,600,top-to-bottom-center,596,ewma_upper,0.2167
R1,600,top-to-bottom-center,596,ewma_upper,0.1991
R1,600,top-to-bottom-center,596,ewma_upper,0.2193
R1,600,top-to-bottom-center,596,ewma_upper,0.2268
R1,600,top-to-bottom-center,596,ewma_upper,0.2386
R1,600,top-to-bottom-center,596,ewma_upper,0.2966
R1,600,top-to-bottom-center,596,ewma_upper,0.3373
R1,600,top-to-bottom-center,603,ewma_upper,0.3127
R1,600,top-to-bottom-center,603,ewma_upper,0.3359
R1,600,top-to-bottom-center,603,ewma_upper,0.3001
R1,600,top-to-bottom-center,603,ewma_upper,0.2744
R1,600,top-to-bottom-center,603,ewma_upper,0.3452
R1,600,top-to-bottom-center,603,ewma_upper,0.3533
R1,600,top-to-bottom-center,611,ewma_upper,0.4484
R1,600,top-to-bottom-center,611,ewma_upper,0.393
R1,600,top-to-bottom-center,611,ewma_upper,0.3687
R1,600,top-to-bottom-center,611,ewma_upper,0.4749
R1,600,top-to-bottom-center,611,ewma_upper,0.4485
R1,600,top-to-bottom-center,611,ewma_upper,0.3817
R1,600,top-to-bottom-center,611,ewma_upper,0.4911
R1,600,top-to-bottom-center,611,ewma_upper,0.47
R1,600,top-to-bottom-center,622,ewma_upper,0.4274
R1,600,top-to-bottom-center,622,ewma_upper,0.5162
R1,600,top-to-bottom-center,622,ewma_upper,0.4815
R1,600,top-to-bottom-center,622,ewma_upper,0.5738
R1,600,top-to-bottom-center,622,ewma_upper,0.5248
R1,600,top-to-bottom-center,622,ewma_upper,0.5827
R1,600,top-to-bottom-center,622,ewma_upper,0.6433
R1,600,top-to-bottom-center,622,ewma_upper,0.6546
R1,600,top-to-bottom-center,622,ewma_upper,0.7123
R1,600,top-to-bottom-center,631,ewma_upper,0.7612
R1,600,top-to-bottom-center,631,ewma_upper,0.7947
R1,600,top-to-bottom-center,631,ewma_upper,0.7558
R1,600,top-to-bottom-center,631,ewma_upper,0.756
R1,600,top-to-bottom-center,631,ewma_upper,0.6591
R1,600,top-to-bottom-center,631,ewma_upper,0.613
R1,600,top-to-bottom-center,631,ewma_upper,0.559
R1,600,top-to-bottom-center,631,ewma_upper,0.5758
R1,600,top-to-bottom-center,631,ewma_upper,0.6435
R1,600,top-to-bottom-center,659,ewma_upper,0.7091
R1,600,top-to-bottom-center,659,ewma_upper,0.673
R1,600,top-to-bottom-center,659,ewma_upper,0.7327
R1,600,top-to-bottom-center,659,ewma_upper,0.7176
R1,600,top-to-bottom-center,659,ewma_upper,0.6655
R1,600,top-to-bottom-center,659,ewma_upper,0.7152
R1,700,top-to-bottom-center,648,rule1_upper,0.9857
R1,700,top-to-bottom-center,648,rule1_upper,0.9714
R1,700,top-to-bottom-center,661,rule1_upper,0.9571
R1,700,top-to-bottom-center,661,rule1_upper,0.9857
R1,700,top-to-bottom-center,673,rule1_upper,0.9857
R1,700,top-to-bottom-center,673,rule1_upper,1.0
R1,700,top-to-bottom-center,217,rule2_run9,0.0
R1,700,top-to-bottom-center,228,rule2_run9,0.0714
R1,700,top-to-bottom-center,254,rule2_run9,0.0
R1,700,top-to-bottom-center,312,rule2_run9,0.4857
R1,700,top-to-bottom-center,373,rule2_run9,0.0857
R1,700,top-to-bottom-center,387,rule2_run9,0.1
R1,700,top-to-bottom-center,426,rule2_run9,0.1857
R1,700,top-to-bottom-center,648,rule2_run9,0.9857
R1,700,top-to-bottom-center,661,rule2_run9,0.9857
R1,700,top-to-bottom-center,41,rule3_trend_down,0.2041
R1,700,top-to-bottom-center,77,rule3_trend_down,0.1781
R1,700,top-to-bottom-center,198,rule3_trend_down,0.1333
R1,700,top-to-bottom-center,218,rule3_trend_down,0.1133
R1,700,top-to-bottom-center,279,rule3_trend_up,0.2057
R1,700,top-to-bottom-center,289,rule3_trend_up,0.419
R1,700,top-to-bottom-center,312,rule3_trend_up,0.4486
R1,700,top-to-bottom-center,329,rule3_trend_down,0.3429
R1,700,top-to-bottom-center,347,rule3_trend_down,0.2114
R1,700,top-to-bottom-center,364,rule3_trend_down,0.1429
R1,700,top-to-bottom-center,386,rule3_trend_down,0.1067
R1,700,top-to-bottom-center,452,rule3_trend_up,0.16
R1,700,top-to-bottom-center,485,rule3_trend_up,0.2048
R1,700,top-to-bottom-center,590,rule3_trend_up,0.2848
R1,700,top-to-bottom-center,648,rule3_trend_up,0.5019
R1,700,top-to-bottom-center,289,ewma_upper,0.4587
R1,700,top-to-bottom-center,289,ewma_upper,0.5013
R1,700,top-to-bottom-center,289,ewma_upper,0.4467
R1,700,top-to-bottom-center,289,ewma_upper,0.4917
R1,700,top-to-bottom-center,312,ewma_upper,0.4445
R1,700,top-to-bottom-center,312,ewma_upper,0.4356
R1,700,top-to-bottom-center,312,ewma_upper,0.457
R1,700,top-to-bottom-center,312,ewma_upper,0.4685
R1,700,top-to-bottom-center,312,ewma_upper,0.5005
R1,700,top-to-bottom-center,312,ewma_upper,0.4947
R1,700,top-to-bottom-center,312,ewma_upper,0.4929
R1,700,top-to-bottom-center,312,ewma_upper,0.4886
R1,700,top-to-bottom-center,648,ewma_upper,0.5152
R1,700,top-to-bottom-center,648,ewma_upper,0.5379
R1,700,top-to-bottom-center,648,ewma_upper,0.5617
R1,700,top-to-bottom-center,648,ewma_upper,0.618
R1,700,top-to-bottom-center,648,ewma_upper,0.6144
R1,700,top-to-bottom-center,648,ewma_upper,0.6201
R1,700,top-to-bottom-center,648,ewma_upper,0.6903
R1,700,top-to-bottom-center,661,ewma_upper,0.7437
R1,700,top-to-bottom-center,661,ewma_upper,0.6492
R1,700,top-to-bottom-center,661,ewma_upper,0.7165
R1,700,top-to-bottom-center,661,ewma_upper,0.6961
R1,700,top-to-bottom-center,661,ewma_upper,0.6026
R1,700,top-to-bottom-center,673,ewma_upper,0.6164
R1,700,top-to-bottom-center,673,ewma_upper,0.5731
R1,700,top-to-bottom-center,673,ewma_upper,0.6556
R1,700,top-to-bottom-center,673,ewma_upper,0.6159
R1,700,top-to-bottom-center,673,ewma_upper,0.5984
R1,700,top-to-bottom-center,673,ewma_upper,0.6788
R1,800,top-to-bottom-center,318,rule1_upper,0.4714
R1,800,top-to-bottom-center,561,rule1_upper,0.5571
R1,800,top-to-bottom-center,573,rule1_upper,0.6286
R1,800,top-to-bottom-center,623,rule1_upper,0.7571
R1,800,top-to-bottom-center,623,rule1_upper,0.5429
R1,800,top-to-bottom-center,623,rule1_upper,0.7286
R1,800,top-to-bottom-center,623,rule1_upper,0.7571
R1,800,top-to-bottom-center,623,rule1_upper,0.4714
R1,800,top-to-bottom-center,627,rule1_upper,0.7
R1,800,top-to-bottom-center,627,rule1_upper,0.6714
R1,800,top-to-bottom-center,627,rule1_upper,0.7286
R1,800,top-to-bottom-center,627,rule1_upper,0.4571
R1,800,top-to-bottom-center,627,rule1_upper,0.7571
R1,800,top-to-bottom-center,631,rule1_upper,0.9143
R1,800,top-to-bottom-center,631,rule1_upper,0.5571
R1,800,top-to-bottom-center,631,rule1_upper,0.6143
R1,800,top-to-bottom-center,631,rule1_upper,0.9
R1,800,top-to-bottom-center,631,rule1_upper,0.6857
R1,800,top-to-bottom-center,631,rule1_upper,0.6286
R1,800,top-to-bottom-center,631,rule1_upper,0.9286
R1,800,top-to-bottom-center,631,rule1_upper,0.8
R1,800,top-to-bottom-center,638,rule1_upper,0.5857
R1,800,top-to-bottom-center,638,rule1_upper,0.7571
R1,800,top-to-bottom-center,638,rule1_upper,0.7571
R1,800,top-to-bottom-center,638,rule1_upper,0.9
R1,800,top-to-bottom-center,638,rule1_upper,0.8571
R1,800,top-to-bottom-center,638,rule1_upper,0.5571
R1,800,top-to-bottom-center,638,rule1_upper,0.4571
R1,800,top-to-bottom-center,638,rule1_upper,0.7714
R1,800,top-to-bottom-center,641,rule1_upper,0.8
R1,800,top-to-bottom-center,641,rule1_upper,0.4857
R1,800,top-to-bottom-center,641,rule1_upper,0.8571
R1,800,top-to-bottom-center,641,rule1_upper,0.7
R1,800,top-to-bottom-center,641,rule1_upper,0.6857
R1,800,top-to-bottom-center,641,rule1_upper,0.8429
R1,800,top-to-bottom-center,641,rule1_upper,0.5571
R1,800,top-to-bottom-center,651,rule1_upper,0.5
R1,800,top-to-bottom-center,651,rule1_upper,0.8286
R1,800,top-to-bottom-center,651,rule1_upper,0.7714
R1,800,top-to-bottom-center,651,rule1_upper,0.6857
R1,800,top-to-bottom-center,651,rule1_upper,0.7143
R1,800,top-to-bottom-center,651,rule1_upper,0.7571
R1,800,top-to-bottom-center,63,rule2_run9,0.0143
R1,800,top-to-bottom-center,80,rule2_run9,0.0714
R1,800,top-to-bottom-center,105,rule2_run9,0.0286
R1,800,top-to-bottom-center,253,rule2_run9,0.0
R1,800,top-to-bottom-center,339,rule2_run9,0.1714
R1,800,top-to-bottom-center,454,rule2_run9,0.2143
R1,800,top-to-bottom-center,499,rule2_run9,0.1571
R1,800,top-to-bottom-center,501,rule2_run9,0.1714
R1,800,top-to-bottom-center,526,rule2_run9,0.2429
R1,800,top-to-bottom-center,540,rule2_run9,0.2571
R1,800,top-to-bottom-center,554,rule2_run9,0.3143
R1,800,top-to-bottom-center,561,rule2_run9,0.5571
R1,800,top-to-bottom-center,573,rule2_run9,0.3857
R1,800,top-to-bottom-center,623,rule2_run9,0.3429
R1,800,top-to-bottom-center,627,rule2_run9,0.6714
R1,800,top-to-bottom-center,631,rule2_run9,0.6143
R1,800,top-to-bottom-center,638,rule2_run9,0.9
R1,800,top-to-bottom-center,641,rule2_run9,0.3571
R1,800,top-to-bottom-center,651,rule2_run9,0.6857
R1,800,top-to-bottom-center,60,rule3_trend_down,0.0464
R1,800,top-to-bottom-center,288,rule3_trend_up,0.0829
R1,800,top-to-bottom-center,304,rule3_trend_up,0.1524
R1,800,top-to-bottom-center,318,rule3_trend_up,0.2076
R1,800,top-to-bottom-center,358,rule3_trend_down,0.2029
R1,800,top-to-bottom-center,367,rule3_trend_down,0.1762
R1,800,top-to-bottom-center,501,rule3_trend_up,0.2105
R1,800,top-to-bottom-center,623,rule3_trend_up,0.4324
R1,800,top-to-bottom-center,627,rule3_trend_up,0.5371
R1,800,top-to-bottom-center,631,rule3_trend_up,0.641
R1,800,top-to-bottom-center,641,rule3_trend_down,0.6467
R1,800,top-to-bottom-center,318,ewma_upper,0.2701
R1,800,top-to-bottom-center,318,ewma_upper,0.2761
R1,800,top-to-bottom-center,318,ewma_upper,0.2609
R1,800,top-to-bottom-center,339,ewma_upper,0.2573
R1,800,top-to-bottom-center,339,ewma_upper,0.2515
R1,800,top-to-bottom-center,339,ewma_upper,0.2355
R1,800,top-to-bottom-center,339,ewma_upper,0.2427
R1,800,top-to-bottom-center,339,ewma_upper,0.2284
R1,800,top-to-bottom-center,339,ewma_upper,0.2228
R1,800,top-to-bottom-center,339,ewma_upper,0.2353
R1,800,top-to-bottom-center,339,ewma_upper,0.2511
R1,800,top-to-bottom-center,358,ewma_upper,0.2224
R1,800,top-to-bottom-center,358,ewma_upper,0.2267
R1,800,top-to-bottom-center,499,ewma_upper,0.2285
R1,800,top-to-bottom-center,501,ewma_upper,0.2227
R1,800,top-to-bottom-center,501,ewma_upper,0.2467
R1,800,top-to-bottom-center,501,ewma_upper,0.2459
R1,800,top-to-bottom-center,501,ewma_upper,0.231
R1,800,top-to-bottom-center,501,ewma_upper,0.2363
R1,800,top-to-bottom-center,501,ewma_upper,0.2233
R1,800,top-to-bottom-center,501,ewma_upper,0.2472
R1,800,top-to-bottom-center,513,ewma_upper,0.2549
R1,800,top-to-bottom-center,513,ewma_upper,0.2431
R1,800,top-to-bottom-center,513,ewma_upper,0.2345
R1,800,top-to-bottom-center,513,ewma_upper,0.2476
R1,800,top-to-bottom-center,513,ewma_upper,0.2381
R1,800,top-to-bottom-center,513,ewma_upper,0.2276
R1,800,top-to-bottom-center,526,ewma_upper,0.2426
R1,800,top-to-bottom-center,526,ewma_upper,0.2426
R1,800,top-to-bottom-center,526,ewma_upper,0.2655
R1,800,top-to-bottom-center,526,ewma_upper,0.2439
R1,800,top-to-bottom-center,526,ewma_upper,0.2237
R1,800,top-to-bottom-center,526,ewma_upper,0.2389
R1,800,top-to-bottom-center,526,ewma_upper,0.2254
R1,800,top-to-bottom-center,526,ewma_upper,0.2232
R1,800,top-to-bottom-center,526,ewma_upper,0.2271
R1,800,top-to-bottom-center,540,ewma_upper,0.2331
R1,800,top-to-bottom-center,540,ewma_upper,0.2379
R1,800,top-to-bottom-center,540,ewma_upper,0.2446
R1,800,top-to-bottom-center,540,ewma_upper,0.25
R1,800,top-to-bottom-center,540,ewma_upper,0.2457
R1,800,top-to-bottom-center,540,ewma_upper,0.2823
R1,800,top-to-bottom-center,540,ewma_upper,0.3115
R1,800,top-to-bottom-center,540,ewma_upper,0.2835
R1,800,top-to-bottom-center,540,ewma_upper,0.264
R1,800,top-to-bottom-center,554,ewma_upper,0.2426
R1,800,top-to-bottom-center,554,ewma_upper,0.2569
R1,800,top-to-bottom-center,554,ewma_upper,0.2655
R1,800,top-to-bottom-center,554,ewma_upper,0.2782
R1,800,top-to-bottom-center,554,ewma_upper,0.2682
R1,800,top-to-bottom-center,554,ewma_upper,0.246
R1,800,top-to-bottom-center,554,ewma_upper,0.2482
R1,800,top-to-bottom-center,554,ewma_upper,0.2272
R1,800,top-to-bottom-center,561,ewma_upper,0.236
R1,800,top-to-bottom-center,561,ewma_upper,0.2545
R1,800,top-to-bottom-center,561,ewma_upper,0.255
R1,800,top-to-bottom-center,561,ewma_upper,0.284
R1,800,top-to-bottom-center,561,ewma_upper,0.2815
R1,800,top-to-bottom-center,561,ewma_upper,0.3138
R1,800,top-to-bottom-center,561,ewma_upper,0.3282
R1,800,top-to-bottom-center,561,ewma_upper,0.374
R1,800,top-to-bottom-center,573,ewma_upper,0.3363
R1,800,top-to-bottom-center,573,ewma_upper,0.3948
R1,800,top-to-bottom-center,573,ewma_upper,0.3558
R1,800,top-to-bottom-center,573,ewma_upper,0.3275
R1,800,top-to-bottom-center,573,ewma_upper,0.3191
R1,800,top-to-bottom-center,573,ewma_upper,0.3039
R1,800,top-to-bottom-center,573,ewma_upper,0.2974
R1,800,top-to-bottom-center,573,ewma_upper,0.2951
R1,800,top-to-bottom-center,573,ewma_upper,0.3132
R1,800,top-to-bottom-center,608,ewma_upper,0.3077
R1,800,top-to-bottom-center,608,ewma_upper,0.3176
R1,800,top-to-bottom-center,608,ewma_upper,0.3026
R1,800,top-to-bottom-center,608,ewma_upper,0.3164
R1,800,top-to-bottom-center,608,ewma_upper,0.296
R1,800,top-to-bottom-center,623,ewma_upper,0.2911
R1,800,top-to-bottom-center,623,ewma_upper,0.3843
R1,800,top-to-bottom-center,623,ewma_upper,0.416
R1,800,top-to-bottom-center,623,ewma_upper,0.4014
R1,800,top-to-bottom-center,623,ewma_upper,0.4668
R1,800,top-to-bottom-center,623,ewma_upper,0.5249
R1,800,top-to-bottom-center,623,ewma_upper,0.5142
R1,800,top-to-bottom-center,623,ewma_upper,0.4742
R1,800,top-to-bottom-center,623,ewma_upper,0.4679
R1,800,top-to-bottom-center,627,ewma_upper,0.4629
R1,800,top-to-bottom-center,627,ewma_upper,0.4561
R1,800,top-to-bottom-center,627,ewma_upper,0.5048
R1,800,top-to-bottom-center,627,ewma_upper,0.5382
R1,800,top-to-bottom-center,627,ewma_upper,0.5762
R1,800,top-to-bottom-center,627,ewma_upper,0.5524
R1,800,top-to-bottom-center,627,ewma_upper,0.4991
R1,800,top-to-bottom-center,627,ewma_upper,0.5507
R1,800,top-to-bottom-center,627,ewma_upper,0.492
R1,800,top-to-bottom-center,631,ewma_upper,0.5764
R1,800,top-to-bottom-center,631,ewma_upper,0.5726
R1,800,top-to-bottom-center,631,ewma_upper,0.5438
R1,800,top-to-bottom-center,631,ewma_upper,0.5579
R1,800,top-to-bottom-center,631,ewma_upper,0.6263
R1,800,top-to-bottom-center,631,ewma_upper,0.6382
R1,800,top-to-bottom-center,631,ewma_upper,0.6363
R1,800,top-to-bottom-center,631,ewma_upper,0.6947
R1,800,top-to-bottom-center,631,ewma_upper,0.7158
R1,800,top-to-bottom-center,638,ewma_upper,0.6898
R1,800,top-to-bottom-center,638,ewma_upper,0.7032
R1,800,top-to-bottom-center,638,ewma_upper,0.714
R1,800,top-to-bottom-center,638,ewma_upper,0.7512
R1,800,top-to-bottom-center,638,ewma_upper,0.7724
R1,800,top-to-bottom-center,638,ewma_upper,0.7294
R1,800,top-to-bottom-center,638,ewma_upper,0.6663
R1,800,top-to-bottom-center,638,ewma_upper,0.6245
R1,800,top-to-bottom-center,638,ewma_upper,0.6539
R1,800,top-to-bottom-center,641,ewma_upper,0.6117
R1,800,top-to-bottom-center,641,ewma_upper,0.6493
R1,800,top-to-bottom-center,641,ewma_upper,0.6166
R1,800,top-to-bottom-center,641,ewma_upper,0.5647
R1,800,top-to-bottom-center,641,ewma_upper,0.6232
R1,800,top-to-bottom-center,641,ewma_upper,0.6386
R1,800,top-to-bottom-center,641,ewma_upper,0.648
R1,800,top-to-bottom-center,641,ewma_upper,0.687
R1,800,top-to-bottom-center,641,ewma_upper,0.661
R1,800,top-to-bottom-center,651,ewma_upper,0.6288
R1,800,top-to-bottom-center,651,ewma_upper,0.6688
R1,800,top-to-bottom-center,651,ewma_upper,0.6893
R1,800,top-to-bottom-center,651,ewma_upper,0.6886
R1,800,top-to-bottom-center,651,ewma_upper,0.6937
R1,800,top-to-bottom-center,651,ewma_upper,0.7064
R1,900,top-to-bottom-center,166,rule2_run9,0.0571
R1,900,top-to-bottom-center,207,rule2_run9,0.5429
R1,900,top-to-bottom-center,221,rule2_run9,0.6571
R1,900,top-to-bottom-center,376,rule2_run9,0.2286
R1,900,top-to-bottom-center,405,rule2_run9,0.2286
R1,900,top-to-bottom-center,434,rule2_run9,0.2429
R1,900,top-to-bottom-center,486,rule2_run9,0.1286
R1,900,top-to-bottom-center,33,rule3_trend_down,0.1873
R1,900,top-to-bottom-center,207,rule3_trend_up,0.42
R1,900,top-to-bottom-center,210,rule3_trend_up,0.5152
R1,900,top-to-bottom-center,234,rule3_trend_down,0.4457
R1,900,top-to-bottom-center,251,rule3_trend_down,0.3924
R1,900,top-to-bottom-center,275,rule3_trend_up,0.4714
R1,900,top-to-bottom-center,288,rule3_trend_down,0.361
R1,900,top-to-bottom-center,288,rule3_trend_down,0.3152
R1,900,top-to-bottom-center,290,rule3_trend_up,0.3914
R1,900,top-to-bottom-center,405,rule3_trend_up,0.3038
R1,900,top-to-bottom-center,434,rule3_trend_down,0.2924
R1,900,top-to-bottom-center,493,rule3_trend_down,0.2267
R1,900,top-to-bottom-center,557,rule3_trend_up,0.2848
R1,900,top-to-bottom-center,37,ewma_lower,0.1469
R1,900,top-to-bottom-center,179,ewma_lower,0.1352
R1,900,top-to-bottom-center,210,ewma_upper,0.5812
R1,900,top-to-bottom-center,210,ewma_upper,0.6106
R1,900,top-to-bottom-center,210,ewma_upper,0.6371
R1,900,top-to-bottom-center,210,ewma_upper,0.6268
R1,900,top-to-bottom-center,221,ewma_upper,0.6214
R1,900,top-to-bottom-center,221,ewma_upper,0.62
R1,900,top-to-bottom-center,221,ewma_upper,0.6274
R1,900,top-to-bottom-center,593,ewma_upper,0.5778
R1,900,top-to-bottom-center,593,ewma_upper,0.6106
R1,900,top-to-bottom-center,604,ewma_upper,0.5878
R1,1000,top-to-bottom-center,384,rule1_upper,0.8286
R1,1000,top-to-bottom-center,384,rule1_upper,0.7714
R1,1000,top-to-bottom-center,395,rule1_upper,0.7714
R1,1000,top-to-bottom-center,395,rule1_upper,0.8429
R1,1000,top-to-bottom-center,434,rule1_upper,0.9
R1,1000,top-to-bottom-center,434,rule1_upper,0.7429
R1,1000,top-to-bottom-center,434,rule1_upper,0.8286
R1,1000,top-to-bottom-center,458,rule1_upper,0.9286
R1,1000,top-to-bottom-center,461,rule1_upper,0.8714
R1,1000,top-to-bottom-center,461,rule1_upper,0.7571
R1,1000,top-to-bottom-center,461,rule1_upper,0.9857
R1,1000,top-to-bottom-center,487,rule1_upper,0.7429
R1,1000,top-to-bottom-center,487,rule1_upper,0.8
R1,1000,top-to-bottom-center,487,rule1_upper,0.8714
R1,1000,top-to-bottom-center,487,rule1_upper,0.8857
R1,1000,top-to-bottom-center,550,rule1_upper,0.8571
R1,1000,top-to-bottom-center,550,rule1_upper,0.7571
R1,1000,top-to-bottom-center,550,rule1_upper,0.8286
R1,1000,top-to-bottom-center,550,rule1_upper,0.8
R1,1000,top-to-bottom-center,551,rule1_upper,0.8143
R1,1000,top-to-bottom-center,551,rule1_upper,0.8286
R1,1000,top-to-bottom-center,551,rule1_upper,0.8286
R1,1000,top-to-bottom-center,551,rule1_upper,0.7571
R1,1000,top-to-bottom-center,585,rule1_upper,0.8
R1,1000,top-to-bottom-center,585,rule1_upper,0.8857
R1,1000,top-to-bottom-center,585,rule1_upper,0.9
R1,1000,top-to-bottom-center,595,rule1_upper,0.8
R1,1000,top-to-bottom-center,134,rule2_run9,0.1857
R1,1000,top-to-bottom-center,222,rule2_run9,0.3857
R1,1000,top-to-bottom-center,225,rule2_run9,0.5571
R1,1000,top-to-bottom-center,287,rule2_run9,0.3571
R1,1000,top-to-bottom-center,384,rule2_run9,0.4286
R1,1000,top-to-bottom-center,395,rule2_run9,0.3857
R1,1000,top-to-bottom-center,458,rule2_run9,0.5286
R1,1000,top-to-bottom-center,461,rule2_run9,0.3857
R1,1000,top-to-bottom-center,487,rule2_run9,0.3714
R1,1000,top-to-bottom-center,550,rule2_run9,0.7286
R1,1000,top-to-bottom-center,551,rule2_run9,0.7286
R1,1000,top-to-bottom-center,156,rule3_trend_up,0.281
R1,1000,top-to-bottom-center,170,rule3_trend_up,0.3229
R1,1000,top-to-bottom-center,173,rule3_trend_up,0.36
R1,1000,top-to-bottom-center,209,rule3_trend_up,0.4238
R1,1000,top-to-bottom-center,225,rule3_trend_up,0.5343
R1,1000,top-to-bottom-center,256,rule3_trend_down,0.4743
R1,1000,top-to-bottom-center,287,rule3_trend_up,0.5038
R1,1000,top-to-bottom-center,395,rule3_trend_up,0.5705
R1,1000,top-to-bottom-center,570,rule3_trend_down,0.5419
R1,1000,top-to-bottom-center,585,rule3_trend_down,0.3848
R1,1000,top-to-bottom-center,594,rule3_trend_up,0.5257
R1,1000,top-to-bottom-center,96,ewma_lower,0.1851
R1,1000,top-to-bottom-center,99,ewma_lower,0.1653
R1,1000,top-to-bottom-center,122,ewma_lower,0.1665
R1,1000,top-to-bottom-center,122,ewma_lower,0.176
R1,1000,top-to-bottom-center,134,ewma_lower,0.1693
R1,1000,top-to-bottom-center,134,ewma_lower,0.1726
R1,1000,top-to-bottom-center,134,ewma_lower,0.178
R1,1000,top-to-bottom-center,222,ewma_upper,0.4805
R1,1000,top-to-bottom-center,222,ewma_upper,0.4721
R1,1000,top-to-bottom-center,222,ewma_upper,0.4662
R1,1000,top-to-bottom-center,225,ewma_upper,0.5073
R1,1000,top-to-bottom-center,225,ewma_upper,0.4973
R1,1000,top-to-bottom-center,225,ewma_upper,0.5435
R1,1000,top-to-bottom-center,225,ewma_upper,0.5748
R1,1000,top-to-bottom-center,225,ewma_upper,0.5827
R1,1000,top-to-bottom-center,225,ewma_upper,0.5719
R1,1000,top-to-bottom-center,225,ewma_upper,0.5689
R1,1000,top-to-bottom-center,225,ewma_upper,0.5837
R1,1000,top-to-bottom-center,225,ewma_upper,0.5613
R1,1000,top-to-bottom-center,245,ewma_upper,0.5404
R1,1000,top-to-bottom-center,245,ewma_upper,0.5152
R1,1000,top-to-bottom-center,245,ewma_upper,0.5122
R1,1000,top-to-bottom-center,245,ewma_upper,0.5212
R1,1000,top-to-bottom-center,245,ewma_upper,0.5169
R1,1000,top-to-bottom-center,245,ewma_upper,0.4764
R1,1000,top-to-bottom-center,260,ewma_upper,0.4844
R1,1000,top-to-bottom-center,260,ewma_upper,0.4847
R1,1000,top-to-bottom-center,260,ewma_upper,0.5163
R1,1000,top-to-bottom-center,260,ewma_upper,0.5416
R1,1000,top-to-bottom-center,260,ewma_upper,0.5105
R1,1000,top-to-bottom-center,260,ewma_upper,0.4912
R1,1000,top-to-bottom-center,260,ewma_upper,0.4841
R1,1000,top-to-bottom-center,287,ewma_upper,0.4701
R1,1000,top-to-bottom-center,287,ewma_upper,0.5047
R1,1000,top-to-bottom-center,287,ewma_upper,0.5237
R1,1000,top-to-bottom-center,287,ewma_upper,0.5133
R1,1000,top-to-bottom-center,287,ewma_upper,0.5078
R1,1000,top-to-bottom-center,287,ewma_upper,0.5091
R1,1000,top-to-bottom-center,287,ewma_upper,0.5215
R1,1000,top-to-bottom-center,287,ewma_upper,0.4887
R1,1000,top-to-bottom-center,287,ewma_upper,0.4938
R1,1000,top-to-bottom-center,338,ewma_upper,0.5093
R1,1000,top-to-bottom-center,338,ewma_upper,0.4989
R1,1000,top-to-bottom-center,384,ewma_upper,0.4726
R1,1000,top-to-bottom-center,384,ewma_upper,0.5231
R1,1000,top-to-bottom-center,384,ewma_upper,0.5242
R1,1000,top-to-bottom-center,384,ewma_upper,0.5736
R1,1000,top-to-bottom-center,384,ewma_upper,0.5446
R1,1000,top-to-bottom-center,384,ewma_upper,0.5328
R1,1000,top-to-bottom-center,384,ewma_upper,0.552
R1,1000,top-to-bottom-center,384,ewma_upper,0.5387
R1,1000,top-to-bottom-center,395,ewma_upper,0.5853
R1,1000,top-to-bottom-center,395,ewma_upper,0.5482
R1,1000,top-to-bottom-center,395,ewma_upper,0.5443
R1,1000,top-to-bottom-center,395,ewma_upper,0.604
R1,1000,top-to-bottom-center,395,ewma_upper,0.5803
R1,1000,top-to-bottom-center,395,ewma_upper,0.5414
R1,1000,top-to-bottom-center,395,ewma_upper,0.516
R1,1000,top-to-bottom-center,395,ewma_upper,0.5356
R1,1000,top-to-bottom-center,395,ewma_upper,0.5228
R1,1000,top-to-bottom-center,433,ewma_upper,0.4668
R1,1000,top-to-bottom-center,434,ewma_upper,0.5192
R1,1000,top-to-bottom-center,434,ewma_upper,0.5439
R1,1000,top-to-bottom-center,434,ewma_upper,0.6151
R1,1000,top-to-bottom-center,434,ewma_upper,0.5464
R1,1000,top-to-bottom-center,434,ewma_upper,0.5285
R1,1000,top-to-bottom-center,434,ewma_upper,0.5714
R1,1000,top-to-bottom-center,434,ewma_upper,0.6228
R1,1000,top-to-bottom-center,434,ewma_upper,0.584
R1,1000,top-to-bottom-center,434,ewma_upper,0.5386
R1,1000,top-to-bottom-center,451,ewma_upper,0.5252
R1,1000,top-to-bottom-center,451,ewma_upper,0.503
R1,1000,top-to-bottom-center,458,ewma_upper,0.4881
R1,1000,top-to-bottom-center,458,ewma_upper,0.4962
R1,1000,top-to-bottom-center,458,ewma_upper,0.4827
R1,1000,top-to-bottom-center,458,ewma_upper,0.5719
R1,1000,top-to-bottom-center,458,ewma_upper,0.6032
R1,1000,top-to-bottom-center,458,ewma_upper,0.6197
R1,1000,top-to-bottom-center,458,ewma_upper,0.6272
R1,1000,top-to-bottom-center,458,ewma_upper,0.5675
R1,1000,top-to-bottom-center,461,ewma_upper,0.574
R1,1000,top-to-bottom-center,461,ewma_upper,0.5849
R1,1000,top-to-bottom-center,461,ewma_upper,0.6422
R1,1000,top-to-bottom-center,461,ewma_upper,0.6652
R1,1000,top-to-bottom-center,461,ewma_upper,0.7293
R1,1000,top-to-bottom-center,461,ewma_upper,0.7263
R1,1000,top-to-bottom-center,461,ewma_upper,0.6639
R1,1000,top-to-bottom-center,461,ewma_upper,0.6425
R1,1000,top-to-bottom-center,461,ewma_upper,0.5912
R1,1000,top-to-bottom-center,487,ewma_upper,0.5415
R1,1000,top-to-bottom-center,487,ewma_upper,0.5818
R1,1000,top-to-bottom-center,487,ewma_upper,0.5654
R1,1000,top-to-bottom-center,487,ewma_upper,0.6123
R1,1000,top-to-bottom-center,487,ewma_upper,0.627
R1,1000,top-to-bottom-center,487,ewma_upper,0.6759
R1,1000,top-to-bottom-center,487,ewma_upper,0.7179
R1,1000,top-to-bottom-center,487,ewma_upper,0.6686
R1,1000,top-to-bottom-center,487,ewma_upper,0.6091
R1,1000,top-to-bottom-center,549,ewma_upper,0.6073
R1,1000,top-to-bottom-center,550,ewma_upper,0.5601
R1,1000,top-to-bottom-center,550,ewma_upper,0.6195
R1,1000,top-to-bottom-center,550,ewma_upper,0.6471
R1,1000,top-to-bottom-center,550,ewma_upper,0.6176
R1,1000,top-to-bottom-center,550,ewma_upper,0.6598
R1,1000,top-to-bottom-center,550,ewma_upper,0.6279
R1,1000,top-to-bottom-center,550,ewma_upper,0.6109
R1,1000,top-to-bottom-center,550,ewma_upper,0.6344
R1,1000,top-to-bottom-center,550,ewma_upper,0.6675
R1,1000,top-to-bottom-center,551,ewma_upper,0.634
R1,1000,top-to-bottom-center,551,ewma_upper,0.5786
R1,1000,top-to-bottom-center,551,ewma_upper,0.6258
R1,1000,top-to-bottom-center,551,ewma_upper,0.612
R1,1000,top-to-bottom-center,551,ewma_upper,0.6554
R1,1000,top-to-bottom-center,551,ewma_upper,0.6186
R1,1000,top-to-bottom-center,551,ewma_upper,0.6606
R1,1000,top-to-bottom-center,551,ewma_upper,0.6742
R1,1000,top-to-bottom-center,551,ewma_upper,0.6908
R1,1000,top-to-bottom-center,569,ewma_upper,0.6126
R1,1000,top-to-bottom-center,569,ewma_upper,0.5701
R1,1000,top-to-bottom-center,569,ewma_upper,0.4932
R1,1000,top-to-bottom-center,569,ewma_upper,0.4746
R1,1000,top-to-bottom-center,570,ewma_upper,0.4872
R1,1000,top-to-bottom-center,585,ewma_upper,0.4663
R1,1000,top-to-bottom-center,585,ewma_upper,0.5502
R1,1000,top-to-bottom-center,585,ewma_upper,0.5001
R1,1000,top-to-bottom-center,585,ewma_upper,0.523
R1,1000,top-to-bottom-center,585,ewma_upper,0.5984
R1,1000,top-to-bottom-center,594,ewma_upper,0.573
R1,1000,top-to-bottom-center,594,ewma_upper,0.5841
R1,1000,top-to-bottom-center,594,ewma_upper,0.5901
R1,1000,top-to-bottom-center,594,ewma_upper,0.5321
R1,1000,top-to-bottom-center,595,ewma_upper,0.5171
R1,1000,top-to-bottom-center,595,ewma_upper,0.5508
R1,1000,top-to-bottom-center,595,ewma_upper,0.5321
R1,1000,top-to-bottom-center,595,ewma_upper,0.5857
R1,1000,top-to-bottom-center,595,ewma_upper,0.5971
R1,1100,top-to-bottom-center,128,rule1_upper,1.0
R1,1100,top-to-bottom-center,132,rule1_upper,0.9143
R1,1100,top-to-bottom-center,43,rule2_run9,0.0143
R1,1100,top-to-bottom-center,68,rule2_run9,0.0286
R1,1100,top-to-bottom-center,83,rule2_run9,0.1429
R1,1100,top-to-bottom-center,86,rule2_run9,0.2143
R1,1100,top-to-bottom-center,183,rule2_run9,0.2
R1,1100,top-to-bottom-center,218,rule2_run9,0.5143
R1,1100,top-to-bottom-center,223,rule2_run9,0.3857
R1,1100,top-to-bottom-center,232,rule2_run9,0.3286
R1,1100,top-to-bottom-center,239,rule2_run9,0.7143
R1,1100,top-to-bottom-center,254,rule2_run9,0.4286
R1,1100,top-to-bottom-center,264,rule2_run9,0.6
R1,1100,top-to-bottom-center,277,rule2_run9,0.5857
R1,1100,top-to-bottom-center,281,rule2_run9,0.4143
R1,1100,top-to-bottom-center,327,rule2_run9,0.6143
R1,1100,top-to-bottom-center,330,rule2_run9,0.4
R1,1100,top-to-bottom-center,342,rule2_run9,0.3857
R1,1100,top-to-bottom-center,345,rule2_run9,0.3857
R1,1100,top-to-bottom-center,384,rule2_run9,0.4714
R1,1100,top-to-bottom-center,83,rule3_trend_up,0.1381
R1,1100,top-to-bottom-center,86,rule3_trend_up,0.1914
R1,1100,top-to-bottom-center,132,rule3_trend_up,0.5152
R1,1100,top-to-bottom-center,183,rule3_trend_down,0.26
R1,1100,top-to-bottom-center,193,rule3_trend_up,0.3333
R1,1100,top-to-bottom-center,232,rule3_trend_up,0.4924
R1,1100,top-to-bottom-center,253,rule3_trend_down,0.4067
R1,1100,top-to-bottom-center,286,rule3_trend_down,0.3124
R1,1100,top-to-bottom-center,297,rule3_trend_up,0.3381
R1,1100,top-to-bottom-center,327,rule3_trend_up,0.4048
R1,1100,top-to-bottom-center,342,rule3_trend_down,0.4333
R1,1100,top-to-bottom-center,386,rule3_trend_down,0.3543
R1,1100,top-to-bottom-center,128,ewma_upper,0.4997
R1,1100,top-to-bottom-center,128,ewma_upper,0.5495
R1,1100,top-to-bottom-center,132,ewma_upper,0.5396
R1,1100,top-to-bottom-center,132,ewma_upper,0.5231
R1,1100,top-to-bottom-center,132,ewma_upper,0.6014
R1,1100,top-to-bottom-center,132,ewma_upper,0.5697
R1,1100,top-to-bottom-center,132,ewma_upper,0.4929
R1,1100,top-to-bottom-center,132,ewma_upper,0.5429
R1,1100,top-to-bottom-center,132,ewma_upper,0.5372
R1,1100,top-to-bottom-center,223,ewma_upper,0.5223
R1,1100,top-to-bottom-center,223,ewma_upper,0.5207
R1,1100,top-to-bottom-center,223,ewma_upper,0.5194
R1,1100,top-to-bottom-center,223,ewma_upper,0.4984
R1,1100,top-to-bottom-center,232,ewma_upper,0.516
R1,1100,top-to-bottom-center,232,ewma_upper,0.4871
R1,1100,top-to-bottom-center,239,ewma_upper,0.4908
R1,1100,top-to-bottom-center,239,ewma_upper,0.4869
R1,1100,top-to-bottom-center,239,ewma_upper,0.5019
R1,1100,top-to-bottom-center,239,ewma_upper,0.5444
R1,1100,top-to-bottom-center,245,ewma_upper,0.5355
R1,1100,top-to-bottom-center,245,ewma_upper,0.497
R1,1100,top-to-bottom-center,264,ewma_upper,0.5162
R1,1100,top-to-bottom-center,264,ewma_upper,0.4959
R1,1100,top-to-bottom-center,277,ewma_upper,0.4871
R1,1100,top-to-bottom-center,356,ewma_upper,0.5
R1,1100,top-to-bottom-center,356,ewma_upper,0.4974
R1,1100,top-to-bottom-center,361,ewma_upper,0.509
R1,1100,top-to-bottom-center,361,ewma_upper,0.533
R1,1100,top-to-bottom-center,361,ewma_upper,0.5349
R1,1100,top-to-bottom-center,361,ewma_upper,0.5365
R1,1100,top-to-bottom-center,361,ewma_upper,0.4921
R1,1100,top-to-bottom-center,370,ewma_upper,0.5051
R1,1100,top-to-bottom-center,370,ewma_upper,0.4861
R1,1100,top-to-bottom-center,370,ewma_upper,0.5089
R1,1100,top-to-bottom-center,372,ewma_upper,0.4959
R1,1100,top-to-bottom-center,372,ewma_upper,0.491
R1,1100,top-to-bottom-center-1,338,rule1_upper,0.9
R1,1100,top-to-bottom-center-1,342,rule1_upper,0.9
R1,1100,top-to-bottom-center-1,372,rule1_upper,0.9714
R1,1100,top-to-bottom-center-1,387,rule1_upper,0.9143
R1,1100,top-to-bottom-center-1,402,rule1_upper,0.9429
R1,1100,top-to-bottom-center-1,502,rule1_upper,0.9429
R1,1100,top-to-bottom-center-1,521,rule1_upper,0.9429
R1,1100,top-to-bottom-center-1,120,rule2_run9,0.4
R1,1100,top-to-bottom-center-1,267,rule2_run9,0.4143
R1,1100,top-to-bottom-center-1,329,rule2_run9,0.6714
R1,1100,top-to-bottom-center-1,342,rule2_run9,0.5143
R1,1100,top-to-bottom-center-1,372,rule2_run9,0.6143
R1,1100,top-to-bottom-center-1,397,rule2_run9,0.5143
R1,1100,top-to-bottom-center-1,402,rule2_run9,0.4714
R1,1100,top-to-bottom-center-1,468,rule2_run9,0.4714
R1,1100,top-to-bottom-center-1,481,rule2_run9,0.5
R1,1100,top-to-bottom-center-1,488,rule2_run9,0.5
R1,1100,top-to-bottom-center-1,521,rule2_run9,0.6571
R1,1100,top-to-bottom-center-1,161,rule3_trend_up,0.4352
R1,1100,top-to-bottom-center-1,220,rule3_trend_up,0.5133
R1,1100,top-to-bottom-center-1,241,rule3_trend_down,0.3514
R1,1100,top-to-bottom-center-1,250,rule3_trend_up,0.4295
R1,1100,top-to-bottom-center-1,280,rule3_trend_up,0.3981
R1,1100,top-to-bottom-center-1,284,rule3_trend_up,0.4295
R1,1100,top-to-bottom-center-1,329,rule3_trend_up,0.5324
R1,1100,top-to-bottom-center-1,225,ewma_upper,0.5864
R1,1100,top-to-bottom-center-1,329,ewma_upper,0.5961
R1,1100,top-to-bottom-center-1,329,ewma_upper,0.5867
R1,1100,top-to-bottom-center-1,329,ewma_upper,0.6036
R1,1100,top-to-bottom-center-1,338,ewma_upper,0.6629
R1,1100,top-to-bottom-center-1,338,ewma_upper,0.6132
R1,1100,top-to-bottom-center-1,338,ewma_upper,0.6334
R1,1100,top-to-bottom-center-1,338,ewma_upper,0.6096
R1,1100,top-to-bottom-center-1,338,ewma_upper,0.6248
R1,1100,top-to-bottom-center-1,338,ewma_upper,0.6398
R1,1100,top-to-bottom-center-1,338,ewma_upper,0.6262
R1,1100,top-to-bottom-center-1,338,ewma_upper,0.6495
R1,1100,top-to-bottom-center-1,338,ewma_upper,0.6625
R1,1100,top-to-bottom-center-1,342,ewma_upper,0.6414
R1,1100,top-to-bottom-center-1,342,ewma_upper,0.616
R1,1100,top-to-bottom-center-1,342,ewma_upper,0.6356
R1,1100,top-to-bottom-center-1,342,ewma_upper,0.6457
R1,1100,top-to-bottom-center-1,342,ewma_upper,0.6965
R1,1100,top-to-bottom-center-1,342,ewma_upper,0.6972
R1,1100,top-to-bottom-center-1,342,ewma_upper,0.6406
R1,1100,top-to-bottom-center-1,342,ewma_upper,0.6554
R1,1100,top-to-bottom-center-1,342,ewma_upper,0.6729
R1,1100,top-to-bottom-center-1,372,ewma_upper,0.7126
R1,1100,top-to-bottom-center-1,372,ewma_upper,0.6558
R1,1100,top-to-bottom-center-1,372,ewma_upper,0.6789
R1,1100,top-to-bottom-center-1,372,ewma_upper,0.6374
R1,1100,top-to-bottom-center-1,372,ewma_upper,0.6871
R1,1100,top-to-bottom-center-1,372,ewma_upper,0.6839
R1,1100,top-to-bottom-center-1,372,ewma_upper,0.67
R1,1100,top-to-bottom-center-1,372,ewma_upper,0.6989
R1,1100,top-to-bottom-center-1,372,ewma_upper,0.7534
R1,1100,top-to-bottom-center-1,387,ewma_upper,0.7484
R1,1100,top-to-bottom-center-1,387,ewma_upper,0.7473
R1,1100,top-to-bottom-center-1,387,ewma_upper,0.7493
R1,1100,top-to-bottom-center-1,387,ewma_upper,0.7823
R1,1100,top-to-bottom-center-1,387,ewma_upper,0.7715
R1,1100,top-to-bottom-center-1,387,ewma_upper,0.7144
R1,1100,top-to-bottom-center-1,397,ewma_upper,0.6744
R1,1100,top-to-bottom-center-1,397,ewma_upper,0.6309
R1,1100,top-to-bottom-center-1,397,ewma_upper,0.6047
R1,1100,top-to-bottom-center-1,397,ewma_upper,0.6352
R1,1100,top-to-bottom-center-1,397,ewma_upper,0.6162
R1,1100,top-to-bottom-center-1,397,ewma_upper,0.5901
R1,1100,top-to-bottom-center-1,402,ewma_upper,0.6607
R1,1100,top-to-bottom-center-1,402,ewma_upper,0.6971
R1,1100,top-to-bottom-center-1,402,ewma_upper,0.7263
R1,1100,top-to-bottom-center-1,402,ewma_upper,0.7153
R1,1100,top-to-bottom-center-1,402,ewma_upper,0.7208
R1,1100,top-to-bottom-center-1,402,ewma_upper,0.6966
R1,1100,top-to-bottom-center-1,402,ewma_upper,0.6516
R1,1100,top-to-bottom-center-1,402,ewma_upper,0.6127
R1,1100,top-to-bottom-center-1,402,ewma_upper,0.6102
R1,1100,top-to-bottom-center-1,425,ewma_upper,0.6596
R1,1100,top-to-bottom-center-1,425,ewma_upper,0.6705
R1,1100,top-to-bottom-center-1,425,ewma_upper,0.6421
R1,1100,top-to-bottom-center-1,425,ewma_upper,0.6423
R1,1100,top-to-bottom-center-1,425,ewma_upper,0.6681
R1,1100,top-to-bottom-center-1,425,ewma_upper,0.6145
R1,1100,top-to-bottom-center-1,425,ewma_upper,0.5944
R1,1100,top-to-bottom-center-1,425,ewma_upper,0.6413
R1,1100,top-to-bottom-center-1,425,ewma_upper,0.6844
R1,1100,top-to-bottom-center-1,447,ewma_upper,0.6161
R1,1100,top-to-bottom-center-1,447,ewma_upper,0.6012
R1,1100,top-to-bottom-center-1,447,ewma_upper,0.6124
R1,1100,top-to-bottom-center-1,447,ewma_upper,0.6499
R1,1100,top-to-bottom-center-1,468,ewma_upper,0.6571
R1,1100,top-to-bottom-center-1,468,ewma_upper,0.6199
R1,1100,top-to-bottom-center-1,468,ewma_upper,0.5959
R1,1100,top-to-bottom-center-1,481,ewma_upper,0.584
R1,1100,top-to-bottom-center-1,481,ewma_upper,0.6013
R1,1100,top-to-bottom-center-1,488,ewma_upper,0.584
R1,1100,top-to-bottom-center-1,488,ewma_upper,0.6023
R1,1100,top-to-bottom-center-1,488,ewma_upper,0.619
R1,1100,top-to-bottom-center-1,493,ewma_upper,0.6409
R1,1100,top-to-bottom-center-1,493,ewma_upper,0.6556
R1,1100,top-to-bottom-center-1,493,ewma_upper,0.6073
R1,1100,top-to-bottom-center-1,502,ewma_upper,0.6077
R1,1100,top-to-bottom-center-1,502,ewma_upper,0.609
R1,1100,top-to-bottom-center-1,521,ewma_upper,0.59
R1,1100,top-to-bottom-center-1,521,ewma_upper,0.6606
R1,1100,top-to-bottom-center-1,521,ewma_upper,0.6885
R1,1100,top-to-bottom-center-1,521,ewma_upper,0.6822
R1,1100,top-to-bottom-center-1,521,ewma_upper,0.6943
R7,700,middle,1,rule1_upper,0.9571
R7,700,middle,512,rule1_upper,1.0
R7,700,middle,520,rule1_upper,1.0
R7,700,middle,212,rule2_run9,0.2143
R7,700,middle,500,rule2_run9,0.1286
R7,700,middle,566,rule2_run9,0.5714
R7,700,middle,574,rule2_run9,0.8429
R7,700,middle,100,rule3_trend_down,0.3514
R7,700,middle,120,rule3_trend_down,0.2543
R7,700,middle,212,rule3_trend_down,0.2867
R7,700,middle,212,rule3_trend_down,0.1543
R7,700,middle,500,rule3_trend_up,0.1829
R7,700,middle,520,rule3_trend_up,0.4533
R7,700,middle,1,ewma_upper,0.5561
R7,700,middle,212,ewma_lower,0.1274
R7,700,middle,212,ewma_lower,0.1448
R7,700,middle,212,ewma_lower,0.1415
R7,700,middle,212,ewma_lower,0.1477
R7,700,middle,253,ewma_lower,0.1315
R7,700,middle,253,ewma_lower,0.1195
R7,700,middle,343,ewma_lower,0.1412
R7,700,middle,354,ewma_lower,0.1272
R7,700,middle,500,ewma_lower,0.1401
R7,700,middle,503,ewma_lower,0.1407
R7,700,middle,520,ewma_upper,0.5752
R7,700,middle,520,ewma_upper,0.5894
R7,700,middle,520,ewma_upper,0.5458
R7,700,middle,553,ewma_upper,0.5834
R7,700,middle,553,ewma_upper,0.5581
R7,700,middle,558,ewma_upper,0.5865
R7,700,middle,558,ewma_upper,0.6263
R7,700,middle,558,ewma_upper,0.6811
R7,700,middle,558,ewma_upper,0.6877
R7,700,middle,566,ewma_upper,0.6645
R7,700,middle,566,ewma_upper,0.6973
R7,700,middle,566,ewma_upper,0.715
R7,700,middle,566,ewma_upper,0.6834
R7,700,middle,566,ewma_upper,0.6782
R7,700,middle,566,ewma_upper,0.6054
R7,700,middle,566,ewma_upper,0.6586
R7,700,middle,566,ewma_upper,0.6869
R7,700,middle,566,ewma_upper,0.6666
R7,700,middle,574,ewma_upper,0.6476
R7,700,middle,574,ewma_upper,0.6809
R7,700,middle,574,ewma_upper,0.7076
R7,700,middle,574,ewma_upper,0.7404
R7,700,middle,574,ewma_upper,0.6894
R7,700,middle,574,ewma_upper,0.7201
R7,700,middle,581,ewma_upper,0.7247
R7,700,middle,581,ewma_upper,0.7283
R7,700,middle,581,ewma_upper,0.6598
R7,700,middle,581,ewma_upper,0.6993
R7,700,middle,581,ewma_upper,0.7166
R7,700,middle,581,ewma_upper,0.7361
R7,700,middle,581,ewma_upper,0.7574
